timestamp,predicted_label
2025-03-25 13:41:59,1
2025-03-25 13:41:59,1
2025-03-25 13:42:59,1
2025-03-25 13:42:59,1
2025-03-25 13:42:59,1
2025-03-25 13:42:59,1
2025-03-25 13:43:59,1
2025-03-25 13:43:59,1
2025-03-25 13:43:59,1
2025-03-25 13:43:59,1
2025-03-25 13:44:59,1
2025-03-25 13:44:59,1
2025-03-25 13:44:59,1
2025-03-25 13:44:59,1
2025-03-25 13:45:59,1
2025-03-25 13:45:59,1
2025-03-25 13:45:59,1
2025-03-25 13:45:59,1
2025-03-25 13:46:59,1
2025-03-25 13:46:59,1
2025-03-25 13:46:59,1
2025-03-25 13:46:59,1
2025-03-25 13:48:59,1
2025-03-25 13:48:59,1
2025-03-25 13:48:59,1
2025-03-25 13:48:59,1
2025-03-25 13:49:59,1
2025-03-25 13:49:59,1
2025-03-25 13:49:59,1
2025-03-25 13:49:59,1
2025-03-25 13:50:59,1
2025-03-25 13:50:59,1
2025-03-25 13:50:59,1
2025-03-25 13:50:59,1
2025-03-25 13:51:59,1
2025-03-25 13:51:59,1
2025-03-25 13:51:59,1
2025-03-25 13:51:59,1
2025-03-25 13:52:59,1
2025-03-25 13:52:59,1
2025-03-25 13:52:59,1
2025-03-25 13:52:59,1
2025-03-25 13:53:59,1
2025-03-25 13:53:59,1
2025-03-25 13:53:59,1
2025-03-25 13:53:59,1
2025-03-25 13:54:59,1
2025-03-25 13:54:59,1
2025-03-25 13:54:59,1
2025-03-25 13:54:59,1
2025-03-25 13:54:59,1
2025-03-25 13:55:59,1
2025-03-25 13:55:59,1
2025-03-25 13:55:59,1
2025-03-25 13:55:59,1
2025-03-25 13:56:59,1
2025-03-25 13:56:59,1
2025-03-25 13:56:59,1
2025-03-25 13:56:59,1
2025-03-25 13:56:59,1
2025-03-25 13:57:59,1
2025-03-25 13:57:59,1
2025-03-25 13:57:59,1
2025-03-25 13:57:59,1
2025-03-25 13:58:59,1
2025-03-25 13:58:59,1
2025-03-25 13:58:59,1
2025-03-25 13:58:59,1
2025-03-25 13:59:59,1
2025-03-25 13:59:59,1
2025-03-25 13:59:59,1
2025-03-25 13:59:59,1
2025-03-25 14:00:59,1
2025-03-25 14:00:59,1
2025-03-25 14:00:59,1
2025-03-25 14:00:59,1
2025-03-25 14:01:59,1
2025-03-25 14:01:59,1
2025-03-25 14:01:59,1
2025-03-25 14:01:59,1
2025-03-25 14:02:59,1
2025-03-25 14:02:59,1
2025-03-25 14:02:59,1
2025-03-25 14:02:59,1
2025-03-25 14:03:59,1
2025-03-25 14:03:59,1
2025-03-25 14:03:59,1
2025-03-25 14:03:59,1
2025-03-25 14:04:59,1
2025-03-25 14:04:59,1
2025-03-25 14:04:59,1
2025-03-25 14:04:59,1
2025-03-25 14:05:59,1
2025-03-25 14:05:59,1
2025-03-25 14:05:59,1
2025-03-25 14:05:59,1
2025-03-25 14:06:59,1
2025-03-25 14:06:59,1
2025-03-25 14:06:59,1
2025-03-25 14:06:59,1
2025-03-25 14:07:59,1
2025-03-25 14:07:59,1
2025-03-25 14:07:59,1
2025-03-25 14:07:59,1
2025-03-25 14:08:59,1
2025-03-25 14:08:59,1
2025-03-25 14:08:59,1
2025-03-25 14:08:59,1
2025-03-25 14:09:59,1
2025-03-25 14:09:59,1
2025-03-25 14:09:59,1
2025-03-25 14:09:59,1
2025-03-25 14:10:59,1
2025-03-25 14:10:59,1
2025-03-25 14:10:59,1
2025-03-25 14:10:59,1
2025-03-25 14:11:59,1
2025-03-25 14:11:59,1
2025-03-25 14:11:59,1
2025-03-25 14:11:59,1
2025-03-25 14:12:59,1
2025-03-25 14:12:59,1
2025-03-25 14:12:59,1
2025-03-25 14:12:59,1
2025-03-25 14:13:59,1
2025-03-25 14:13:59,1
2025-03-25 14:13:59,1
2025-03-25 14:13:59,1
2025-03-25 14:14:59,1
2025-03-25 14:14:59,1
2025-03-25 14:14:59,1
2025-03-25 14:14:59,1
2025-03-25 14:15:59,1
2025-03-25 14:15:59,1
2025-03-25 14:15:59,1
2025-03-25 14:15:59,1
2025-03-25 14:16:59,1
2025-03-25 14:16:59,1
2025-03-25 14:16:59,1
2025-03-25 14:16:59,1
2025-03-25 14:17:59,1
2025-03-25 14:17:59,1
2025-03-25 14:17:59,1
2025-03-25 14:17:59,1
2025-03-25 14:18:59,1
2025-03-25 14:18:59,1
2025-03-25 14:18:59,1
2025-03-25 14:18:59,1
2025-03-25 14:19:59,1
2025-03-25 14:19:59,1
2025-03-25 14:19:59,1
2025-03-25 14:19:59,1
2025-03-25 14:20:59,1
2025-03-25 14:20:59,1
2025-03-25 14:20:59,1
2025-03-25 14:20:59,1
2025-03-25 14:21:59,1
2025-03-25 14:21:59,1
2025-03-25 14:21:59,1
2025-03-25 14:21:59,1
2025-03-25 14:22:59,1
2025-03-25 14:22:59,1
2025-03-25 14:22:59,1
2025-03-25 14:22:59,1
2025-03-25 14:23:59,1
2025-03-25 14:23:59,1
2025-03-25 14:23:59,1
2025-03-25 14:23:59,1
2025-03-25 14:24:59,1
2025-03-25 14:24:59,1
2025-03-25 14:24:59,1
2025-03-25 14:24:59,1
2025-03-25 14:25:59,1
2025-03-25 14:25:59,1
2025-03-25 14:25:59,1
2025-03-25 14:25:59,1
2025-03-25 14:26:59,1
2025-03-25 14:26:59,1
2025-03-25 14:26:59,1
2025-03-25 14:26:59,1
2025-03-25 14:27:59,1
2025-03-25 14:27:59,1
2025-03-25 14:27:59,1
2025-03-25 14:27:59,1
2025-03-25 14:29:59,1
2025-03-25 14:29:59,1
2025-03-25 14:29:59,1
2025-03-25 14:29:59,1
2025-03-25 14:30:59,1
2025-03-25 14:30:59,1
2025-03-25 14:30:59,1
2025-03-25 14:30:59,1
2025-03-25 14:31:59,1
2025-03-25 14:31:59,1
2025-03-25 14:31:59,1
2025-03-25 14:31:59,1
2025-03-25 14:32:59,1
2025-03-25 14:32:59,1
2025-03-25 14:32:59,1
2025-03-25 14:32:59,1
2025-03-25 14:33:59,1
2025-03-25 14:33:59,1
2025-03-25 14:33:59,1
2025-03-25 14:33:59,1
2025-03-25 14:34:59,1
2025-03-25 14:34:59,1
2025-03-25 14:34:59,1
2025-03-25 14:34:59,1
2025-03-25 14:35:59,1
2025-03-25 14:35:59,1
2025-03-25 14:35:59,1
2025-03-25 14:35:59,1
2025-03-25 14:36:59,1
2025-03-25 14:36:59,1
2025-03-25 14:36:59,1
2025-03-25 14:36:59,1
2025-03-25 14:37:59,1
2025-03-25 14:37:59,1
2025-03-25 14:37:59,1
2025-03-25 14:37:59,1
2025-03-25 14:38:59,1
2025-03-25 14:38:59,1
2025-03-25 14:38:59,1
2025-03-25 14:38:59,1
2025-03-25 14:39:59,1
2025-03-25 14:39:59,1
2025-03-25 14:39:59,1
2025-03-25 14:39:59,1
2025-03-25 14:40:59,1
2025-03-25 14:40:59,1
2025-03-25 14:40:59,1
2025-03-25 14:40:59,1
2025-03-25 14:41:59,1
2025-03-25 14:41:59,1
2025-03-25 14:41:59,1
2025-03-25 14:41:59,1
2025-03-25 14:41:59,1
2025-03-25 14:42:59,1
2025-03-25 14:42:59,1
2025-03-25 14:42:59,1
2025-03-25 14:42:59,1
2025-03-25 14:43:59,1
2025-03-25 14:43:59,1
2025-03-25 14:43:59,1
2025-03-25 14:43:59,1
2025-03-25 14:43:59,1
2025-03-25 14:44:59,1
2025-03-25 14:44:59,1
2025-03-25 14:44:59,1
2025-03-25 14:44:59,1
2025-03-25 14:45:59,1
2025-03-25 14:45:59,1
2025-03-25 14:45:59,1
2025-03-25 14:45:59,1
2025-03-25 14:46:59,1
2025-03-25 14:46:59,1
2025-03-25 14:46:59,1
2025-03-25 14:46:59,1
2025-03-25 14:47:59,1
2025-03-25 14:47:59,1
2025-03-25 14:47:59,1
2025-03-25 14:47:59,1
2025-03-25 14:48:59,1
2025-03-25 14:48:59,1
2025-03-25 14:48:59,1
2025-03-25 14:48:59,1
2025-03-25 14:49:59,1
2025-03-25 14:49:59,1
2025-03-25 14:49:59,1
2025-03-25 14:49:59,1
2025-03-25 14:50:59,1
2025-03-25 14:50:59,1
2025-03-25 14:50:59,1
2025-03-25 14:50:59,1
2025-03-25 14:51:59,1
2025-03-25 14:51:59,1
2025-03-25 14:51:59,1
2025-03-25 14:51:59,1
2025-03-25 14:52:59,1
2025-03-25 14:52:59,1
2025-03-25 14:52:59,1
2025-03-25 14:52:59,1
2025-03-25 14:53:59,1
2025-03-25 14:53:59,1
2025-03-25 14:53:59,1
2025-03-25 14:53:59,1
2025-03-25 14:54:59,1
2025-03-25 14:54:59,1
2025-03-25 14:54:59,1
2025-03-25 14:54:59,1
2025-03-25 14:55:59,1
2025-03-25 14:55:59,1
2025-03-25 14:55:59,1
2025-03-25 14:55:59,1
2025-03-25 14:56:59,1
2025-03-25 14:56:59,1
2025-03-25 14:56:59,1
2025-03-25 14:56:59,1
2025-03-25 14:57:59,1
2025-03-25 14:57:59,1
2025-03-25 14:57:59,1
2025-03-25 14:57:59,1
2025-03-25 14:58:59,1
2025-03-25 14:58:59,1
2025-03-25 14:58:59,1
2025-03-25 14:58:59,1
2025-03-25 14:59:59,1
2025-03-25 14:59:59,1
2025-03-25 14:59:59,1
2025-03-25 14:59:59,1
2025-03-25 15:00:59,1
2025-03-25 15:00:59,1
2025-03-25 15:00:59,1
2025-03-25 15:00:59,1
2025-03-25 15:01:59,1
2025-03-25 15:01:59,1
2025-03-25 15:01:59,1
2025-03-25 15:01:59,1
2025-03-25 15:03:59,1
2025-03-25 15:03:59,1
2025-03-25 15:03:59,1
2025-03-25 15:03:59,1
2025-03-25 15:04:59,1
2025-03-25 15:04:59,1
2025-03-25 15:04:59,1
2025-03-25 15:04:59,1
2025-03-25 15:05:59,1
2025-03-25 15:05:59,1
2025-03-25 15:05:59,1
2025-03-25 15:05:59,1
2025-03-25 15:06:59,1
2025-03-25 15:06:59,1
2025-03-25 15:06:59,1
2025-03-25 15:06:59,1
2025-03-25 15:07:59,1
2025-03-25 15:07:59,1
2025-03-25 15:07:59,1
2025-03-25 15:07:59,1
2025-03-25 15:08:59,1
2025-03-25 15:08:59,1
2025-03-25 15:08:59,1
2025-03-25 15:08:59,1
2025-03-25 15:09:59,1
2025-03-25 15:09:59,1
2025-03-25 15:09:59,1
2025-03-25 15:09:59,1
2025-03-25 15:10:59,1
2025-03-25 15:10:59,1
2025-03-25 15:10:59,1
2025-03-25 15:10:59,1
2025-03-25 15:11:59,1
2025-03-25 15:11:59,1
2025-03-25 15:11:59,1
2025-03-25 15:11:59,1
2025-03-25 15:12:59,1
2025-03-25 15:12:59,1
2025-03-25 15:12:59,1
2025-03-25 15:12:59,1
2025-03-25 15:13:59,1
2025-03-25 15:13:59,1
2025-03-25 15:13:59,1
2025-03-25 15:13:59,1
2025-03-25 15:13:59,1
2025-03-25 15:14:59,1
2025-03-25 15:14:59,1
2025-03-25 15:14:59,1
2025-03-25 15:14:59,1
2025-03-25 15:15:59,1
2025-03-25 15:15:59,1
2025-03-25 15:15:59,1
2025-03-25 15:15:59,1
2025-03-25 15:16:59,1
2025-03-25 15:16:59,1
2025-03-25 15:16:59,1
2025-03-25 15:16:59,1
2025-03-25 15:17:59,1
2025-03-25 15:17:59,1
2025-03-25 15:17:59,1
2025-03-25 15:17:59,1
2025-03-25 15:18:59,1
2025-03-25 15:18:59,1
2025-03-25 15:18:59,1
2025-03-25 15:18:59,1
2025-03-25 15:19:59,1
2025-03-25 15:19:59,1
2025-03-25 15:19:59,1
2025-03-25 15:19:59,1
2025-03-25 15:20:59,1
2025-03-25 15:20:59,1
2025-03-25 15:20:59,1
2025-03-25 15:20:59,1
2025-03-25 15:21:59,1
2025-03-25 15:21:59,1
2025-03-25 15:21:59,1
2025-03-25 15:21:59,1
2025-03-25 15:22:59,1
2025-03-25 15:22:59,1
2025-03-25 15:22:59,1
2025-03-25 15:22:59,1
2025-03-25 15:23:59,1
2025-03-25 15:23:59,1
2025-03-25 15:23:59,1
2025-03-25 15:23:59,1
2025-03-25 15:24:59,1
2025-03-25 15:24:59,1
2025-03-25 15:24:59,1
2025-03-25 15:24:59,1
2025-03-25 15:25:59,1
2025-03-25 15:25:59,1
2025-03-25 15:25:59,1
2025-03-25 15:25:59,1
2025-03-25 15:26:59,1
2025-03-25 15:26:59,1
2025-03-25 15:26:59,1
2025-03-25 15:26:59,1
2025-03-25 15:27:59,1
2025-03-25 15:27:59,1
2025-03-25 15:27:59,1
2025-03-25 15:27:59,1
2025-03-25 15:28:59,1
2025-03-25 15:28:59,1
2025-03-25 15:28:59,1
2025-03-25 15:28:59,1
2025-03-25 15:29:59,1
2025-03-25 15:29:59,1
2025-03-25 15:29:59,1
2025-03-25 15:29:59,1
2025-03-25 15:30:59,1
2025-03-25 15:30:59,1
2025-03-25 15:30:59,1
2025-03-25 15:30:59,1
2025-03-25 15:31:59,1
2025-03-25 15:31:59,1
2025-03-25 15:31:59,1
2025-03-25 15:31:59,1
2025-03-25 15:32:59,1
2025-03-25 15:32:59,1
2025-03-25 15:32:59,1
2025-03-25 15:32:59,1
2025-03-25 15:33:59,1
2025-03-25 15:33:59,1
2025-03-25 15:33:59,1
2025-03-25 15:33:59,1
2025-03-25 15:34:59,1
2025-03-25 15:34:59,1
2025-03-25 15:34:59,1
2025-03-25 15:34:59,1
2025-03-25 15:35:59,1
2025-03-25 15:35:59,1
2025-03-25 15:35:59,1
2025-03-25 15:35:59,1
2025-03-25 15:36:59,1
2025-03-25 15:36:59,1
2025-03-25 15:36:59,1
2025-03-25 15:36:59,1
2025-03-25 15:37:59,1
2025-03-25 15:37:59,1
2025-03-25 15:37:59,1
2025-03-25 15:37:59,1
2025-03-25 15:38:59,1
2025-03-25 15:38:59,1
2025-03-25 15:38:59,1
2025-03-25 15:38:59,1
2025-03-25 15:39:59,1
2025-03-25 15:39:59,1
2025-03-25 15:39:59,1
2025-03-25 15:39:59,1
2025-03-25 15:41:59,1
2025-03-25 15:41:59,1
2025-03-25 15:41:59,1
2025-03-25 15:41:59,1
2025-03-25 15:42:59,1
2025-03-25 15:42:59,1
2025-03-25 15:42:59,1
2025-03-25 15:42:59,1
2025-03-25 15:43:59,1
2025-03-25 15:43:59,1
2025-03-25 15:43:59,1
2025-03-25 15:43:59,1
2025-03-25 15:44:59,1
2025-03-25 15:44:59,1
2025-03-25 15:44:59,1
2025-03-25 15:44:59,1
2025-03-25 15:45:59,1
2025-03-25 15:45:59,1
2025-03-25 15:45:59,1
2025-03-25 15:45:59,1
2025-03-25 15:46:59,1
2025-03-25 15:46:59,1
2025-03-25 15:46:59,1
2025-03-25 15:46:59,1
2025-03-25 15:47:59,1
2025-03-25 15:47:59,1
2025-03-25 15:47:59,1
2025-03-25 15:47:59,1
2025-03-25 15:48:59,1
2025-03-25 15:48:59,1
2025-03-25 15:48:59,1
2025-03-25 15:48:59,1
2025-03-25 15:49:59,1
2025-03-25 15:49:59,1
2025-03-25 15:49:59,1
2025-03-25 15:49:59,1
2025-03-25 15:50:59,1
2025-03-25 15:50:59,1
2025-03-25 15:50:59,1
2025-03-25 15:50:59,1
2025-03-25 15:51:59,1
2025-03-25 15:51:59,1
2025-03-25 15:51:59,1
2025-03-25 15:51:59,1
2025-03-25 15:52:59,1
2025-03-25 15:52:59,1
2025-03-25 15:52:59,1
2025-03-25 15:52:59,1
2025-03-25 15:53:59,1
2025-03-25 15:53:59,1
2025-03-25 15:53:59,1
2025-03-25 15:53:59,1
2025-03-25 15:54:59,1
2025-03-25 15:54:59,1
2025-03-25 15:54:59,1
2025-03-25 15:54:59,1
2025-03-25 15:55:59,1
2025-03-25 15:55:59,1
2025-03-25 15:55:59,1
2025-03-25 15:55:59,1
2025-03-25 15:56:59,1
2025-03-25 15:56:59,1
2025-03-25 15:56:59,1
2025-03-25 15:56:59,1
2025-03-25 15:57:59,1
2025-03-25 15:57:59,1
2025-03-25 15:57:59,1
2025-03-25 15:57:59,1
2025-03-25 15:58:59,1
2025-03-25 15:58:59,1
2025-03-25 15:58:59,1
2025-03-25 15:58:59,1
2025-03-25 15:59:59,1
2025-03-25 15:59:59,1
2025-03-25 15:59:59,1
2025-03-25 15:59:59,1
2025-03-25 16:00:59,1
2025-03-25 16:00:59,1
2025-03-25 16:00:59,1
2025-03-25 16:00:59,1
2025-03-25 16:01:59,1
2025-03-25 16:01:59,1
2025-03-25 16:01:59,1
2025-03-25 16:01:59,1
2025-03-25 16:02:59,1
2025-03-25 16:02:59,1
2025-03-25 16:02:59,1
2025-03-25 16:02:59,1
2025-03-25 16:03:59,1
2025-03-25 16:03:59,1
2025-03-25 16:03:59,1
2025-03-25 16:03:59,1
2025-03-25 16:04:59,1
2025-03-25 16:04:59,1
2025-03-25 16:04:59,1
2025-03-25 16:04:59,1
2025-03-25 16:05:59,1
2025-03-25 16:05:59,1
2025-03-25 16:05:59,1
2025-03-25 16:05:59,1
2025-03-25 16:06:59,1
2025-03-25 16:06:59,1
2025-03-25 16:06:59,1
2025-03-25 16:06:59,1
2025-03-25 16:07:59,1
2025-03-25 16:07:59,1
2025-03-25 16:07:59,1
2025-03-25 16:07:59,1
2025-03-25 16:08:59,1
2025-03-25 16:08:59,1
2025-03-25 16:08:59,1
2025-03-25 16:08:59,1
2025-03-25 16:09:59,1
2025-03-25 16:09:59,1
2025-03-25 16:09:59,1
2025-03-25 16:09:59,1
2025-03-25 16:10:59,1
2025-03-25 16:10:59,1
2025-03-25 16:10:59,1
2025-03-25 16:10:59,1
2025-03-25 16:11:59,1
2025-03-25 16:11:59,1
2025-03-25 16:11:59,1
2025-03-25 16:11:59,1
2025-03-25 16:12:59,1
2025-03-25 16:12:59,1
2025-03-25 16:12:59,1
2025-03-25 16:12:59,1
2025-03-25 16:13:59,1
2025-03-25 16:13:59,1
2025-03-25 16:13:59,1
2025-03-25 16:13:59,1
2025-03-25 16:14:59,1
2025-03-25 16:14:59,1
2025-03-25 16:14:59,1
2025-03-25 16:14:59,1
2025-03-25 16:15:59,1
2025-03-25 16:15:59,1
2025-03-25 16:15:59,1
2025-03-25 16:15:59,1
2025-03-25 16:17:59,1
2025-03-25 16:17:59,1
2025-03-25 16:17:59,1
2025-03-25 16:17:59,1
2025-03-25 16:18:59,1
2025-03-25 16:18:59,1
2025-03-25 16:18:59,1
2025-03-25 16:18:59,1
2025-03-25 16:19:59,1
2025-03-25 16:19:59,1
2025-03-25 16:19:59,1
2025-03-25 16:19:59,1
2025-03-25 16:20:59,1
2025-03-25 16:20:59,1
2025-03-25 16:20:59,1
2025-03-25 16:20:59,1
2025-03-25 16:21:59,1
2025-03-25 16:21:59,1
2025-03-25 16:21:59,1
2025-03-25 16:21:59,1
2025-03-25 16:22:59,1
2025-03-25 16:22:59,1
2025-03-25 16:22:59,1
2025-03-25 16:22:59,1
2025-03-25 16:23:59,1
2025-03-25 16:23:59,1
2025-03-25 16:23:59,1
2025-03-25 16:23:59,1
2025-03-25 16:24:59,1
2025-03-25 16:24:59,1
2025-03-25 16:24:59,1
2025-03-25 16:24:59,1
2025-03-25 16:25:59,1
2025-03-25 16:25:59,1
2025-03-25 16:25:59,1
2025-03-25 16:25:59,1
2025-03-25 16:26:59,1
2025-03-25 16:26:59,1
2025-03-25 16:26:59,1
2025-03-25 16:26:59,1
2025-03-25 16:27:59,1
2025-03-25 16:27:59,1
2025-03-25 16:27:59,1
2025-03-25 16:27:59,1
2025-03-25 16:28:59,1
2025-03-25 16:28:59,1
2025-03-25 16:28:59,1
2025-03-25 16:28:59,1
2025-03-25 16:29:59,1
2025-03-25 16:29:59,1
2025-03-25 16:29:59,1
2025-03-25 16:29:59,1
2025-03-25 16:30:59,1
2025-03-25 16:30:59,1
2025-03-25 16:30:59,1
2025-03-25 16:30:59,1
2025-03-25 16:31:59,1
2025-03-25 16:31:59,1
2025-03-25 16:31:59,1
2025-03-25 16:31:59,1
2025-03-25 16:32:59,1
2025-03-25 16:32:59,1
2025-03-25 16:32:59,1
2025-03-25 16:32:59,1
2025-03-25 16:33:59,1
2025-03-25 16:33:59,1
2025-03-25 16:33:59,1
2025-03-25 16:33:59,1
2025-03-25 16:34:59,1
2025-03-25 16:34:59,1
2025-03-25 16:34:59,1
2025-03-25 16:34:59,1
2025-03-25 16:35:59,1
2025-03-25 16:35:59,1
2025-03-25 16:35:59,1
2025-03-25 16:35:59,1
2025-03-25 16:36:59,1
2025-03-25 16:36:59,1
2025-03-25 16:36:59,1
2025-03-25 16:36:59,1
2025-03-25 16:37:59,1
2025-03-25 16:37:59,1
2025-03-25 16:37:59,1
2025-03-25 16:37:59,1
2025-03-25 16:38:59,1
2025-03-25 16:38:59,1
2025-03-25 16:38:59,1
2025-03-25 16:38:59,1
2025-03-25 16:39:59,1
2025-03-25 16:39:59,1
2025-03-25 16:39:59,1
2025-03-25 16:39:59,1
2025-03-25 16:40:59,1
2025-03-25 16:40:59,1
2025-03-25 16:40:59,1
2025-03-25 16:40:59,1
2025-03-25 16:41:59,1
2025-03-25 16:41:59,1
2025-03-25 16:41:59,1
2025-03-25 16:41:59,1
2025-03-25 16:42:59,1
2025-03-25 16:42:59,1
2025-03-25 16:42:59,1
2025-03-25 16:42:59,1
2025-03-25 16:43:59,1
2025-03-25 16:43:59,1
2025-03-25 16:43:59,1
2025-03-25 16:43:59,1
2025-03-25 16:44:59,1
2025-03-25 16:44:59,1
2025-03-25 16:44:59,1
2025-03-25 16:44:59,1
2025-03-25 16:45:59,1
2025-03-25 16:45:59,1
2025-03-25 16:45:59,1
2025-03-25 16:45:59,1
2025-03-25 16:46:59,1
2025-03-25 16:46:59,1
2025-03-25 16:46:59,1
2025-03-25 16:46:59,1
2025-03-25 16:47:59,1
2025-03-25 16:47:59,1
2025-03-25 16:47:59,1
2025-03-25 16:47:59,1
2025-03-25 16:48:59,1
2025-03-25 16:48:59,1
2025-03-25 16:48:59,1
2025-03-25 16:48:59,1
2025-03-25 16:50:59,1
2025-03-25 16:50:59,1
2025-03-25 16:50:59,1
2025-03-25 16:50:59,1
2025-03-25 16:51:59,1
2025-03-25 16:51:59,1
2025-03-25 16:51:59,1
2025-03-25 16:51:59,1
2025-03-25 16:52:59,1
2025-03-25 16:52:59,1
2025-03-25 16:52:59,1
2025-03-25 16:52:59,1
2025-03-25 16:53:59,1
2025-03-25 16:53:59,1
2025-03-25 16:53:59,1
2025-03-25 16:53:59,1
2025-03-25 16:54:59,1
2025-03-25 16:54:59,1
2025-03-25 16:54:59,1
2025-03-25 16:54:59,1
2025-03-25 16:55:59,1
2025-03-25 16:55:59,1
2025-03-25 16:55:59,1
2025-03-25 16:55:59,1
2025-03-25 16:56:59,1
2025-03-25 16:56:59,1
2025-03-25 16:56:59,1
2025-03-25 16:56:59,1
2025-03-25 16:57:59,1
2025-03-25 16:57:59,1
2025-03-25 16:57:59,1
2025-03-25 16:57:59,1
2025-03-25 16:58:59,1
2025-03-25 16:58:59,1
2025-03-25 16:58:59,1
2025-03-25 16:58:59,1
2025-03-25 16:59:59,1
2025-03-25 16:59:59,1
2025-03-25 16:59:59,1
2025-03-25 16:59:59,1
2025-03-25 17:00:59,1
2025-03-25 17:00:59,1
2025-03-25 17:00:59,1
2025-03-25 17:00:59,1
2025-03-25 17:01:59,1
2025-03-25 17:01:59,1
2025-03-25 17:01:59,1
2025-03-25 17:01:59,1
2025-03-25 17:02:59,1
2025-03-25 17:02:59,1
2025-03-25 17:02:59,1
2025-03-25 17:02:59,1
2025-03-25 17:03:59,1
2025-03-25 17:03:59,1
2025-03-25 17:03:59,1
2025-03-25 17:03:59,1
2025-03-25 17:04:59,1
2025-03-25 17:04:59,1
2025-03-25 17:04:59,1
2025-03-25 17:04:59,1
2025-03-25 17:05:59,1
2025-03-25 17:05:59,1
2025-03-25 17:05:59,1
2025-03-25 17:05:59,1
2025-03-25 17:06:59,1
2025-03-25 17:06:59,1
2025-03-25 17:06:59,1
2025-03-25 17:06:59,1
2025-03-25 17:07:59,1
2025-03-25 17:07:59,1
2025-03-25 17:07:59,1
2025-03-25 17:07:59,1
2025-03-25 17:08:59,1
2025-03-25 17:08:59,1
2025-03-25 17:08:59,1
2025-03-25 17:08:59,1
2025-03-25 17:09:59,1
2025-03-25 17:09:59,1
2025-03-25 17:09:59,1
2025-03-25 17:09:59,1
2025-03-25 17:10:59,1
2025-03-25 17:10:59,1
2025-03-25 17:10:59,1
2025-03-25 17:10:59,1
2025-03-25 17:11:59,1
2025-03-25 17:11:59,1
2025-03-25 17:11:59,1
2025-03-25 17:11:59,1
2025-03-25 17:12:59,1
2025-03-25 17:12:59,1
2025-03-25 17:12:59,1
2025-03-25 17:12:59,1
2025-03-25 17:13:59,1
2025-03-25 17:13:59,1
2025-03-25 17:13:59,1
2025-03-25 17:13:59,1
2025-03-25 17:14:59,1
2025-03-25 17:14:59,1
2025-03-25 17:14:59,1
2025-03-25 17:14:59,1
2025-03-25 17:15:59,1
2025-03-25 17:15:59,1
2025-03-25 17:15:59,1
2025-03-25 17:15:59,1
2025-03-25 17:16:59,1
2025-03-25 17:16:59,1
2025-03-25 17:16:59,1
2025-03-25 17:16:59,1
2025-03-25 17:17:59,1
2025-03-25 17:17:59,1
2025-03-25 17:17:59,1
2025-03-25 17:17:59,1
2025-03-25 17:18:59,1
2025-03-25 17:18:59,1
2025-03-25 17:18:59,1
2025-03-25 17:18:59,1
2025-03-25 17:19:59,1
2025-03-25 17:19:59,1
2025-03-25 17:19:59,1
2025-03-25 17:19:59,1
2025-03-25 17:20:59,1
2025-03-25 17:20:59,1
2025-03-25 17:20:59,1
2025-03-25 17:20:59,1
2025-03-25 17:21:59,1
2025-03-25 17:21:59,1
2025-03-25 17:21:59,1
2025-03-25 17:21:59,1
2025-03-25 17:22:59,1
2025-03-25 17:22:59,1
2025-03-25 17:22:59,1
2025-03-25 17:22:59,1
2025-03-25 17:23:59,1
2025-03-25 17:23:59,1
2025-03-25 17:23:59,1
2025-03-25 17:23:59,1
2025-03-25 17:25:59,1
2025-03-25 17:25:59,1
2025-03-25 17:25:59,1
2025-03-25 17:25:59,1
2025-03-25 17:26:59,1
2025-03-25 17:26:59,1
2025-03-25 17:26:59,1
2025-03-25 17:26:59,1
2025-03-25 17:27:59,1
2025-03-25 17:27:59,1
2025-03-25 17:27:59,1
2025-03-25 17:27:59,1
2025-03-25 17:28:59,1
2025-03-25 17:28:59,1
2025-03-25 17:28:59,1
2025-03-25 17:28:59,1
2025-03-25 17:29:59,1
2025-03-25 17:29:59,1
2025-03-25 17:29:59,1
2025-03-25 17:29:59,1
2025-03-25 17:30:59,1
2025-03-25 17:30:59,1
2025-03-25 17:30:59,1
2025-03-25 17:30:59,1
2025-03-25 17:31:59,1
2025-03-25 17:31:59,1
2025-03-25 17:31:59,1
2025-03-25 17:31:59,1
2025-03-25 17:32:59,1
2025-03-25 17:32:59,1
2025-03-25 17:32:59,1
2025-03-25 17:32:59,1
2025-03-25 17:33:59,1
2025-03-25 17:33:59,1
2025-03-25 17:33:59,1
2025-03-25 17:33:59,1
2025-03-25 17:34:59,1
2025-03-25 17:34:59,1
2025-03-25 17:34:59,1
2025-03-25 17:34:59,1
2025-03-25 17:35:59,1
2025-03-25 17:35:59,1
2025-03-25 17:35:59,1
2025-03-25 17:35:59,1
2025-03-25 17:36:59,1
2025-03-25 17:36:59,1
2025-03-25 17:36:59,1
2025-03-25 17:36:59,1
2025-03-25 17:37:59,1
2025-03-25 17:37:59,1
2025-03-25 17:37:59,1
2025-03-25 17:37:59,1
2025-03-25 17:38:59,1
2025-03-25 17:38:59,1
2025-03-25 17:38:59,1
2025-03-25 17:38:59,1
2025-03-25 17:39:59,1
2025-03-25 17:39:59,1
2025-03-25 17:39:59,1
2025-03-25 17:39:59,1
2025-03-25 17:40:59,1
2025-03-25 17:40:59,1
2025-03-25 17:40:59,1
2025-03-25 17:40:59,1
2025-03-25 17:41:59,1
2025-03-25 17:41:59,1
2025-03-25 17:41:59,1
2025-03-25 17:41:59,1
2025-03-25 17:42:59,1
2025-03-25 17:42:59,1
2025-03-25 17:42:59,1
2025-03-25 17:42:59,1
2025-03-25 17:43:59,1
2025-03-25 17:43:59,1
2025-03-25 17:43:59,1
2025-03-25 17:43:59,1
2025-03-25 17:44:59,1
2025-03-25 17:44:59,1
2025-03-25 17:44:59,1
2025-03-25 17:44:59,1
2025-03-25 17:45:59,1
2025-03-25 17:45:59,1
2025-03-25 17:45:59,1
2025-03-25 17:45:59,1
2025-03-25 17:46:59,1
2025-03-25 17:46:59,1
2025-03-25 17:46:59,1
2025-03-25 17:46:59,1
2025-03-25 17:47:59,1
2025-03-25 17:47:59,1
2025-03-25 17:47:59,1
2025-03-25 17:47:59,1
2025-03-25 17:48:59,1
2025-03-25 17:48:59,1
2025-03-25 17:48:59,1
2025-03-25 17:48:59,1
2025-03-25 17:49:59,1
2025-03-25 17:49:59,1
2025-03-25 17:49:59,1
2025-03-25 17:49:59,1
2025-03-25 17:50:59,1
2025-03-25 17:50:59,1
2025-03-25 17:50:59,1
2025-03-25 17:50:59,1
2025-03-25 17:51:59,1
2025-03-25 17:51:59,1
2025-03-25 17:51:59,1
2025-03-25 17:51:59,1
2025-03-25 17:52:59,1
2025-03-25 17:52:59,1
2025-03-25 17:52:59,1
2025-03-25 17:52:59,1
2025-03-25 17:53:59,1
2025-03-25 17:53:59,1
2025-03-25 17:53:59,1
2025-03-25 17:53:59,1
2025-03-25 17:54:59,1
2025-03-25 17:54:59,1
2025-03-25 17:54:59,1
2025-03-25 17:54:59,1
2025-03-25 17:55:59,1
2025-03-25 17:55:59,1
2025-03-25 17:55:59,1
2025-03-25 17:55:59,1
2025-03-25 17:56:59,1
2025-03-25 17:56:59,1
2025-03-25 17:56:59,1
2025-03-25 17:56:59,1
2025-03-25 17:58:59,1
2025-03-25 17:58:59,1
2025-03-25 17:58:59,1
2025-03-25 17:58:59,1
2025-03-25 17:59:59,1
2025-03-25 17:59:59,1
2025-03-25 17:59:59,1
2025-03-25 17:59:59,1
2025-03-25 18:00:59,1
2025-03-25 18:00:59,1
2025-03-25 18:00:59,1
2025-03-25 18:00:59,1
2025-03-25 18:01:59,1
2025-03-25 18:01:59,1
2025-03-25 18:01:59,1
2025-03-25 18:01:59,1
2025-03-25 18:02:59,1
2025-03-25 18:02:59,1
2025-03-25 18:02:59,1
2025-03-25 18:02:59,1
2025-03-25 18:03:59,1
2025-03-25 18:03:59,1
2025-03-25 18:03:59,1
2025-03-25 18:03:59,1
2025-03-25 18:04:59,1
2025-03-25 18:04:59,1
2025-03-25 18:05:59,1
2025-03-25 18:05:59,1
2025-03-25 18:06:59,1
2025-03-25 18:06:59,1
2025-03-25 18:07:59,1
2025-03-25 18:07:59,1
2025-03-25 18:08:59,1
2025-03-25 18:08:59,1
2025-03-25 18:09:59,1
2025-03-25 18:10:59,1
2025-03-25 18:10:59,1
2025-03-25 18:11:59,1
2025-03-25 18:11:59,1
2025-03-25 18:12:59,1
2025-03-25 18:12:59,1
2025-03-25 18:13:59,1
2025-03-25 18:13:59,1
2025-03-25 18:14:59,1
2025-03-25 18:14:59,1
2025-03-25 18:15:59,1
2025-03-25 18:15:59,1
2025-03-25 18:16:59,1
2025-03-25 18:16:59,1
2025-03-25 18:17:59,1
2025-03-25 18:17:59,1
2025-03-25 18:18:59,1
2025-03-25 18:18:59,1
2025-03-25 18:19:59,1
2025-03-25 18:19:59,1
2025-03-25 18:20:59,1
2025-03-25 18:20:59,1
2025-03-25 18:21:59,1
2025-03-25 18:21:59,1
2025-03-25 18:22:59,1
2025-03-25 18:22:59,1
2025-03-25 18:23:59,1
2025-03-25 18:23:59,1
2025-03-25 18:24:59,1
2025-03-25 18:24:59,1
2025-03-25 18:25:59,1
2025-03-25 18:25:59,1
2025-03-25 18:26:59,1
2025-03-25 18:26:59,1
2025-03-25 18:27:59,1
2025-03-25 18:27:59,1
2025-03-25 18:28:59,1
2025-03-25 18:28:59,1
2025-03-25 18:29:59,1
2025-03-25 18:29:59,1
2025-03-25 18:30:59,1
2025-03-25 18:30:59,1
2025-03-25 18:31:59,1
2025-03-25 18:31:59,1
2025-03-25 18:32:59,1
2025-03-25 18:32:59,1
2025-03-25 18:33:59,1
2025-03-25 18:33:59,1
2025-03-25 18:34:59,1
2025-03-25 18:34:59,1
2025-03-25 18:35:59,1
2025-03-25 18:35:59,1
2025-03-25 18:36:59,1
2025-03-25 18:37:59,1
2025-03-25 18:37:59,1
2025-03-25 18:38:59,1
2025-03-25 18:38:59,1
2025-03-25 18:40:59,1
2025-03-25 18:40:59,1
2025-03-25 18:41:59,1
2025-03-25 18:41:59,1
2025-03-25 18:42:59,1
2025-03-25 18:42:59,1
2025-03-25 18:43:59,1
2025-03-25 18:43:59,1
2025-03-25 18:44:59,1
2025-03-25 18:44:59,1
2025-03-25 18:45:59,1
2025-03-25 18:45:59,1
2025-03-25 18:46:59,1
2025-03-25 18:46:59,1
2025-03-25 18:47:59,1
2025-03-25 18:47:59,1
2025-03-25 18:48:59,1
2025-03-25 18:48:59,1
2025-03-25 18:49:59,1
2025-03-25 18:49:59,1
2025-03-25 18:50:59,1
2025-03-25 18:50:59,1
2025-03-25 18:51:59,1
2025-03-25 18:51:59,1
2025-03-25 18:52:59,1
2025-03-25 18:52:59,1
2025-03-25 18:53:59,1
2025-03-25 18:53:59,1
2025-03-25 18:54:59,1
2025-03-25 18:54:59,1
2025-03-25 18:55:59,1
2025-03-25 18:55:59,1
2025-03-25 18:56:59,1
2025-03-25 18:56:59,1
2025-03-25 18:57:59,1
2025-03-25 18:57:59,1
2025-03-25 18:58:59,1
2025-03-25 18:58:59,1
2025-03-25 18:59:59,1
2025-03-25 18:59:59,1
2025-03-25 19:00:59,1
2025-03-25 19:00:59,1
2025-03-25 19:01:59,1
2025-03-25 19:02:59,1
2025-03-25 19:02:59,1
2025-03-25 19:03:59,1
2025-03-25 19:03:59,1
2025-03-25 19:04:59,1
2025-03-25 19:04:59,1
2025-03-25 19:05:59,1
2025-03-25 19:05:59,1
2025-03-25 19:06:59,1
2025-03-25 19:06:59,1
2025-03-25 19:07:59,1
2025-03-25 19:07:59,1
2025-03-25 19:08:59,1
2025-03-25 19:08:59,1
2025-03-25 19:09:59,1
2025-03-25 19:09:59,1
2025-03-25 19:10:59,1
2025-03-25 19:10:59,1
2025-03-25 19:11:59,1
2025-03-25 19:11:59,1
2025-03-25 19:12:59,1
2025-03-25 19:12:59,1
2025-03-25 19:13:59,1
2025-03-25 19:13:59,1
2025-03-25 19:14:59,1
2025-03-25 19:14:59,1
2025-03-25 19:15:59,1
2025-03-25 19:15:59,1
2025-03-25 19:16:59,1
2025-03-25 19:16:59,1
2025-03-25 19:17:59,1
2025-03-25 19:17:59,1
2025-03-25 19:18:59,1
2025-03-25 19:18:59,1
2025-03-25 19:19:59,1
2025-03-25 19:19:59,1
2025-03-25 19:20:59,1
2025-03-25 19:20:59,1
2025-03-25 19:21:59,1
2025-03-25 19:22:59,1
2025-03-25 19:22:59,1
2025-03-25 19:23:59,1
2025-03-25 19:23:59,1
2025-03-25 19:24:59,1
2025-03-25 19:24:59,1
2025-03-25 19:26:59,1
2025-03-25 19:26:59,1
2025-03-25 19:27:59,1
2025-03-25 19:27:59,1
2025-03-25 19:28:59,1
2025-03-25 19:28:59,1
2025-03-25 19:29:59,1
2025-03-25 19:29:59,1
2025-03-25 19:30:59,1
2025-03-25 19:30:59,1
2025-03-25 19:31:59,1
2025-03-25 19:31:59,1
2025-03-25 19:32:59,1
2025-03-25 19:32:59,1
2025-03-25 19:33:59,1
2025-03-25 19:33:59,1
2025-03-25 19:34:59,1
2025-03-25 19:34:59,1
2025-03-25 19:35:59,1
2025-03-25 19:35:59,1
2025-03-25 19:36:59,1
2025-03-25 19:36:59,1
2025-03-25 19:37:59,1
2025-03-25 19:37:59,1
2025-03-25 19:38:59,1
2025-03-25 19:38:59,1
2025-03-25 19:39:59,1
2025-03-25 19:39:59,1
2025-03-25 19:40:59,1
2025-03-25 19:40:59,1
2025-03-25 19:41:59,1
2025-03-25 19:41:59,1
2025-03-25 19:42:59,1
2025-03-25 19:42:59,1
2025-03-25 19:43:59,1
2025-03-25 19:43:59,1
2025-03-25 19:44:59,1
2025-03-25 19:44:59,1
2025-03-25 19:45:59,1
2025-03-25 19:45:59,1
2025-03-25 19:46:59,1
2025-03-25 19:47:59,1
2025-03-25 19:47:59,1
2025-03-25 19:48:59,1
2025-03-25 19:48:59,1
2025-03-25 19:49:59,1
2025-03-25 19:49:59,1
2025-03-25 19:50:59,1
2025-03-25 19:50:59,1
2025-03-25 19:51:59,1
2025-03-25 19:51:59,1
2025-03-25 19:52:59,1
2025-03-25 19:52:59,1
2025-03-25 19:53:59,1
2025-03-25 19:53:59,1
2025-03-25 19:54:59,1
2025-03-25 19:54:59,1
2025-03-25 19:55:59,1
2025-03-25 19:55:59,1
2025-03-25 19:56:59,1
2025-03-25 19:56:59,1
2025-03-25 19:57:59,1
2025-03-25 19:57:59,1
2025-03-25 19:58:59,1
2025-03-25 19:58:59,1
2025-03-25 19:59:59,1
2025-03-25 19:59:59,1
2025-03-25 20:00:59,1
2025-03-25 20:00:59,1
2025-03-25 20:01:59,1
2025-03-25 20:01:59,1
2025-03-25 20:02:59,1
2025-03-25 20:02:59,1
2025-03-25 20:03:59,1
2025-03-25 20:03:59,1
2025-03-25 20:04:59,1
2025-03-25 20:04:59,1
2025-03-25 20:05:59,1
2025-03-25 20:05:59,1
2025-03-25 20:06:59,1
2025-03-25 20:07:59,1
2025-03-25 20:07:59,1
2025-03-25 20:08:59,1
2025-03-25 20:08:59,1
2025-03-25 20:09:59,1
2025-03-25 20:09:59,1
2025-03-25 20:11:59,1
2025-03-25 20:11:59,1
2025-03-25 20:12:59,1
2025-03-25 20:12:59,1
2025-03-25 20:13:59,1
2025-03-25 20:13:59,1
2025-03-25 20:14:59,1
2025-03-25 20:14:59,1
2025-03-25 20:15:59,1
2025-03-25 20:15:59,1
2025-03-25 20:16:59,1
2025-03-25 20:16:59,1
2025-03-25 20:17:59,1
2025-03-25 20:17:59,1
2025-03-25 20:18:59,1
2025-03-25 20:18:59,1
2025-03-25 20:19:59,1
2025-03-25 20:19:59,1
2025-03-25 20:20:59,1
2025-03-25 20:20:59,1
2025-03-25 20:21:59,1
2025-03-25 20:21:59,1
2025-03-25 20:22:59,1
2025-03-25 20:22:59,1
2025-03-25 20:23:59,1
2025-03-25 20:23:59,1
2025-03-25 20:24:59,1
2025-03-25 20:24:59,1
2025-03-25 20:25:59,1
2025-03-25 20:26:59,1
2025-03-25 20:26:59,1
2025-03-25 20:27:59,1
2025-03-25 20:27:59,1
2025-03-25 20:28:59,1
2025-03-25 20:28:59,1
2025-03-25 20:29:59,1
2025-03-25 20:29:59,1
2025-03-25 20:30:59,1
2025-03-25 20:30:59,1
2025-03-25 20:31:59,1
2025-03-25 20:31:59,1
2025-03-25 20:32:59,1
2025-03-25 20:32:59,1
2025-03-25 20:33:59,1
2025-03-25 20:33:59,1
2025-03-25 20:34:59,1
2025-03-25 20:34:59,1
2025-03-25 20:35:59,1
2025-03-25 20:35:59,1
2025-03-25 20:36:59,1
2025-03-25 20:36:59,1
2025-03-25 20:37:59,1
2025-03-25 20:37:59,1
2025-03-25 20:38:59,1
2025-03-25 20:38:59,1
2025-03-25 20:39:59,1
2025-03-25 20:39:59,1
2025-03-25 20:40:59,1
2025-03-25 20:40:59,1
2025-03-25 20:41:59,1
2025-03-25 20:41:59,1
2025-03-25 20:42:59,1
2025-03-25 20:43:59,1
2025-03-25 20:43:59,1
2025-03-25 20:44:59,1
2025-03-25 20:44:59,1
2025-03-25 20:45:59,1
2025-03-25 20:45:59,1
2025-03-25 20:46:59,1
2025-03-25 20:46:59,1
2025-03-25 20:47:59,1
2025-03-25 20:47:59,1
2025-03-25 20:48:59,1
2025-03-25 20:48:59,1
2025-03-25 20:49:59,1
2025-03-25 20:49:59,1
2025-03-25 20:50:59,1
2025-03-25 20:50:59,1
2025-03-25 20:51:59,1
2025-03-25 20:51:59,1
2025-03-25 20:52:59,1
2025-03-25 20:52:59,1
2025-03-25 20:53:59,1
2025-03-25 20:53:59,1
2025-03-25 20:54:59,1
2025-03-25 20:54:59,1
2025-03-25 20:55:59,1
2025-03-25 20:55:59,1
2025-03-25 20:56:59,1
2025-03-25 20:56:59,1
2025-03-25 20:58:59,1
2025-03-25 20:58:59,1
2025-03-25 20:59:59,1
2025-03-25 21:00:59,1
2025-03-25 21:00:59,1
2025-03-25 21:01:59,1
2025-03-25 21:01:59,1
2025-03-25 21:02:59,1
2025-03-25 21:02:59,1
2025-03-25 21:03:59,1
2025-03-25 21:03:59,1
2025-03-25 21:04:59,1
2025-03-25 21:04:59,1
2025-03-25 21:05:59,1
2025-03-25 21:05:59,1
2025-03-25 21:06:59,1
2025-03-25 21:06:59,1
2025-03-25 21:07:59,1
2025-03-25 21:07:59,1
2025-03-25 21:08:59,1
2025-03-25 21:08:59,1
2025-03-25 21:09:59,1
2025-03-25 21:09:59,1
2025-03-25 21:10:59,1
2025-03-25 21:10:59,1
2025-03-25 21:11:59,1
2025-03-25 21:11:59,1
2025-03-25 21:12:59,1
2025-03-25 21:12:59,1
2025-03-25 21:13:59,1
2025-03-25 21:13:59,1
2025-03-25 21:14:59,1
2025-03-25 21:15:59,1
2025-03-25 21:15:59,1
2025-03-25 21:16:59,1
2025-03-25 21:16:59,1
2025-03-25 21:17:59,1
2025-03-25 21:17:59,1
2025-03-25 21:18:59,1
2025-03-25 21:18:59,1
2025-03-25 21:19:59,1
2025-03-25 21:19:59,1
2025-03-25 21:20:59,1
2025-03-25 21:20:59,1
2025-03-25 21:21:59,1
2025-03-25 21:21:59,1
2025-03-25 21:22:59,1
2025-03-25 21:22:59,1
2025-03-25 21:23:59,1
2025-03-25 21:23:59,1
2025-03-25 21:24:59,1
2025-03-25 21:24:59,1
2025-03-25 21:25:59,1
2025-03-25 21:25:59,1
2025-03-25 21:26:59,1
2025-03-25 21:26:59,1
2025-03-25 21:27:59,1
2025-03-25 21:27:59,1
2025-03-25 21:28:59,1
2025-03-25 21:28:59,1
2025-03-25 21:29:59,1
2025-03-25 21:29:59,1
2025-03-25 21:30:59,1
2025-03-25 21:30:59,1
2025-03-25 21:31:59,1
2025-03-25 21:32:59,1
2025-03-25 21:32:59,1
2025-03-25 21:33:59,1
2025-03-25 21:33:59,1
2025-03-25 21:34:59,1
2025-03-25 21:34:59,1
2025-03-25 21:35:59,1
2025-03-25 21:35:59,1
2025-03-25 21:36:59,1
2025-03-25 21:36:59,1
2025-03-25 21:37:59,1
2025-03-25 21:37:59,1
2025-03-25 21:38:59,1
2025-03-25 21:38:59,1
2025-03-25 21:39:59,1
2025-03-25 21:39:59,1
2025-03-25 21:40:59,1
2025-03-25 21:40:59,1
2025-03-25 21:41:59,1
2025-03-25 21:41:59,1
2025-03-25 21:43:59,1
2025-03-25 21:43:59,1
2025-03-25 21:44:59,1
2025-03-25 21:44:59,1
2025-03-25 21:45:59,1
2025-03-25 21:46:59,1
2025-03-25 21:46:59,1
2025-03-25 21:47:59,1
2025-03-25 21:47:59,1
2025-03-25 21:48:59,1
2025-03-25 21:48:59,1
2025-03-25 21:49:59,1
2025-03-25 21:49:59,1
2025-03-25 21:50:59,1
2025-03-25 21:50:59,1
2025-03-25 21:51:59,1
2025-03-25 21:51:59,1
2025-03-25 21:52:59,1
2025-03-25 21:52:59,1
2025-03-25 21:53:59,1
2025-03-25 21:53:59,1
2025-03-25 21:54:59,1
2025-03-25 21:54:59,1
2025-03-25 21:55:59,1
2025-03-25 21:55:59,1
2025-03-25 21:56:59,1
2025-03-25 21:56:59,1
2025-03-25 21:57:59,1
2025-03-25 21:57:59,1
2025-03-25 21:58:59,1
2025-03-25 21:59:59,1
2025-03-25 21:59:59,1
2025-03-25 22:00:59,1
2025-03-25 22:00:59,1
2025-03-25 22:01:59,1
2025-03-25 22:01:59,1
2025-03-25 22:02:59,1
2025-03-25 22:02:59,1
2025-03-25 22:03:59,1
2025-03-25 22:03:59,1
2025-03-25 22:04:59,1
2025-03-25 22:04:59,1
2025-03-25 22:05:59,1
2025-03-25 22:05:59,1
2025-03-25 22:06:59,1
2025-03-25 22:06:59,1
2025-03-25 22:07:59,1
2025-03-25 22:07:59,1
2025-03-25 22:08:59,1
2025-03-25 22:08:59,1
2025-03-25 22:09:59,1
2025-03-25 22:09:59,1
2025-03-25 22:10:59,1
2025-03-25 22:10:59,1
2025-03-25 22:11:59,1
2025-03-25 22:12:59,1
2025-03-25 22:12:59,1
2025-03-25 22:13:59,1
2025-03-25 22:13:59,1
2025-03-25 22:14:59,1
2025-03-25 22:14:59,1
2025-03-25 22:15:59,1
2025-03-25 22:15:59,1
2025-03-25 22:16:59,1
2025-03-25 22:16:59,1
2025-03-25 22:17:59,1
2025-03-25 22:17:59,1
2025-03-25 22:18:59,1
2025-03-25 22:18:59,1
2025-03-25 22:19:59,1
2025-03-25 22:19:59,1
2025-03-25 22:20:59,1
2025-03-25 22:20:59,1
2025-03-25 22:21:59,1
2025-03-25 22:21:59,1
2025-03-25 22:22:59,1
2025-03-25 22:22:59,1
2025-03-25 22:23:59,1
2025-03-25 22:23:59,1
2025-03-25 22:24:59,1
2025-03-25 22:25:59,1
2025-03-25 22:25:59,1
2025-03-25 22:26:59,1
2025-03-25 22:26:59,1
2025-03-25 22:27:59,1
2025-03-25 22:27:59,1
2025-03-25 22:29:59,1
2025-03-25 22:29:59,1
2025-03-25 22:30:59,1
2025-03-25 22:30:59,1
2025-03-25 22:31:59,1
2025-03-25 22:31:59,1
2025-03-25 22:32:59,1
2025-03-25 22:32:59,1
2025-03-25 22:33:59,1
2025-03-25 22:33:59,1
2025-03-25 22:34:59,1
2025-03-25 22:34:59,1
2025-03-25 22:35:59,1
2025-03-25 22:35:59,1
2025-03-25 22:36:59,1
2025-03-25 22:36:59,1
2025-03-25 22:37:59,1
2025-03-25 22:38:59,1
2025-03-25 22:38:59,1
2025-03-25 22:39:59,1
2025-03-25 22:39:59,1
2025-03-25 22:40:59,1
2025-03-25 22:40:59,1
2025-03-25 22:41:59,1
2025-03-25 22:41:59,1
2025-03-25 22:42:59,1
2025-03-25 22:42:59,1
2025-03-25 22:43:59,1
2025-03-25 22:43:59,1
2025-03-25 22:44:59,1
2025-03-25 22:44:59,1
2025-03-25 22:45:59,1
2025-03-25 22:45:59,1
2025-03-25 22:46:59,1
2025-03-25 22:46:59,1
2025-03-25 22:47:59,1
2025-03-25 22:47:59,1
2025-03-25 22:48:59,1
2025-03-25 22:49:59,1
2025-03-25 22:49:59,1
2025-03-25 22:50:59,1
2025-03-25 22:50:59,1
2025-03-25 22:51:59,1
2025-03-25 22:51:59,1
2025-03-25 22:52:59,1
2025-03-25 22:52:59,1
2025-03-25 22:53:59,1
2025-03-25 22:53:59,1
2025-03-25 22:54:59,1
2025-03-25 22:54:59,1
2025-03-25 22:55:59,1
2025-03-25 22:55:59,1
2025-03-25 22:56:59,1
2025-03-25 22:56:59,1
2025-03-25 22:57:59,1
2025-03-25 22:57:59,1
2025-03-25 22:58:59,1
2025-03-25 22:58:59,1
2025-03-25 22:59:59,1
2025-03-25 22:59:59,1
2025-03-25 23:00:59,1
2025-03-25 23:01:59,1
2025-03-25 23:01:59,1
2025-03-25 23:02:59,1
2025-03-25 23:02:59,1
2025-03-25 23:03:59,1
2025-03-25 23:03:59,1
2025-03-25 23:04:59,1
2025-03-25 23:04:59,1
2025-03-25 23:05:59,1
2025-03-25 23:05:59,1
2025-03-25 23:06:59,1
2025-03-25 23:06:59,1
2025-03-25 23:07:59,1
2025-03-25 23:07:59,1
2025-03-25 23:08:59,1
2025-03-25 23:08:59,1
2025-03-25 23:09:59,1
2025-03-25 23:09:59,1
2025-03-25 23:10:59,1
2025-03-25 23:10:59,1
2025-03-25 23:11:59,1
2025-03-25 23:12:59,1
2025-03-25 23:12:59,1
2025-03-25 23:13:59,1
2025-03-25 23:13:59,1
2025-03-25 23:14:59,1
2025-03-25 23:14:59,1
2025-03-25 23:15:59,1
2025-03-25 23:15:59,1
2025-03-25 23:16:59,1
2025-03-25 23:16:59,1
2025-03-25 23:18:59,1
2025-03-25 23:18:59,1
2025-03-25 23:19:59,1
2025-03-25 23:19:59,1
2025-03-25 23:20:59,1
2025-03-25 23:20:59,1
2025-03-25 23:21:59,1
2025-03-25 23:21:59,1
2025-03-25 23:22:59,1
2025-03-25 23:23:59,1
2025-03-25 23:23:59,1
2025-03-25 23:24:59,1
2025-03-25 23:24:59,1
2025-03-25 23:25:59,1
2025-03-25 23:25:59,1
2025-03-25 23:26:59,1
2025-03-25 23:26:59,1
2025-03-25 23:27:59,1
2025-03-25 23:27:59,1
2025-03-25 23:28:59,1
2025-03-25 23:28:59,1
2025-03-25 23:29:59,1
2025-03-25 23:29:59,1
2025-03-25 23:30:59,1
2025-03-25 23:30:59,1
2025-03-25 23:31:59,1
2025-03-25 23:31:59,1
2025-03-25 23:32:59,1
2025-03-25 23:32:59,1
2025-03-25 23:33:59,1
2025-03-25 23:34:59,1
2025-03-25 23:34:59,1
2025-03-25 23:35:59,1
2025-03-25 23:35:59,1
2025-03-25 23:36:59,1
2025-03-25 23:36:59,1
2025-03-25 23:37:59,1
2025-03-25 23:37:59,1
2025-03-25 23:38:59,1
2025-03-25 23:38:59,1
2025-03-25 23:39:59,1
2025-03-25 23:39:59,1
2025-03-25 23:40:59,1
2025-03-25 23:40:59,1
2025-03-25 23:41:59,1
2025-03-25 23:41:59,1
2025-03-25 23:42:59,1
2025-03-25 23:42:59,1
2025-03-25 23:43:59,1
2025-03-25 23:44:59,1
2025-03-25 23:44:59,1
2025-03-25 23:45:59,1
2025-03-25 23:45:59,1
2025-03-25 23:46:59,1
2025-03-25 23:46:59,1
2025-03-25 23:47:59,1
2025-03-25 23:47:59,1
2025-03-25 23:48:59,1
2025-03-25 23:48:59,1
2025-03-25 23:49:59,1
2025-03-25 23:49:59,1
2025-03-25 23:50:59,1
2025-03-25 23:50:59,1
2025-03-25 23:51:59,1
2025-03-25 23:51:59,1
2025-03-25 23:52:59,1
2025-03-25 23:52:59,1
2025-03-25 23:53:59,1
2025-03-25 23:54:59,1
2025-03-25 23:54:59,1
2025-03-25 23:55:59,1
2025-03-25 23:55:59,1
2025-03-25 23:56:59,1
2025-03-25 23:56:59,1
2025-03-25 23:57:59,1
2025-03-25 23:57:59,1
2025-03-25 23:58:59,1
2025-03-25 23:58:59,1
2025-03-25 23:59:59,1
2025-03-25 23:59:59,1
2025-03-26 00:00:59,1
2025-03-26 00:00:59,1
2025-03-26 00:01:59,1
2025-03-26 00:01:59,1
2025-03-26 00:02:59,1
2025-03-26 00:02:59,1
2025-03-26 00:03:59,1
2025-03-26 00:04:59,1
2025-03-26 00:04:59,1
2025-03-26 00:05:59,1
2025-03-26 00:05:59,1
2025-03-26 00:06:59,1
2025-03-26 00:06:59,1
2025-03-26 00:08:59,1
2025-03-26 00:08:59,1
2025-03-26 00:09:59,1
2025-03-26 00:09:59,1
2025-03-26 00:10:59,1
2025-03-26 00:10:59,1
2025-03-26 00:11:59,1
2025-03-26 00:11:59,1
2025-03-26 00:12:59,1
2025-03-26 00:12:59,1
2025-03-26 00:13:59,1
2025-03-26 00:13:59,1
2025-03-26 00:14:59,1
2025-03-26 00:15:59,1
2025-03-26 00:15:59,1
2025-03-26 00:16:59,1
2025-03-26 00:16:59,1
2025-03-26 00:17:59,1
2025-03-26 00:17:59,1
2025-03-26 00:18:59,1
2025-03-26 00:18:59,1
2025-03-26 00:19:59,1
2025-03-26 00:19:59,1
2025-03-26 00:20:59,1
2025-03-26 00:20:59,1
2025-03-26 00:21:59,1
2025-03-26 00:21:59,1
2025-03-26 00:22:59,1
2025-03-26 00:22:59,1
2025-03-26 00:23:59,1
2025-03-26 00:23:59,1
2025-03-26 00:24:59,1
2025-03-26 00:24:59,1
2025-03-26 00:41:59,1
2025-03-26 00:41:59,1
2025-03-26 00:42:59,1
2025-03-26 00:42:59,1
2025-03-26 00:43:59,1
2025-03-26 00:43:59,1
2025-03-26 00:44:59,1
2025-03-26 00:44:59,1
2025-03-26 00:45:59,1
2025-03-26 00:45:59,1
2025-03-26 00:46:59,1
2025-03-26 00:47:59,1
2025-03-26 00:47:59,1
2025-03-26 00:48:59,1
2025-03-26 00:48:59,1
2025-03-26 00:49:59,1
2025-03-26 00:49:59,1
2025-03-26 00:50:59,1
2025-03-26 00:50:59,1
2025-03-26 00:51:59,1
2025-03-26 00:51:59,1
2025-03-26 00:52:59,1
2025-03-26 00:52:59,1
2025-03-26 00:53:59,1
2025-03-26 00:53:59,1
2025-03-26 00:54:59,1
2025-03-26 00:55:59,1
2025-03-26 00:55:59,1
2025-03-26 00:56:59,1
2025-03-26 00:56:59,1
2025-03-26 00:57:59,1
2025-03-26 00:57:59,1
2025-03-26 00:58:59,1
2025-03-26 00:58:59,1
2025-03-26 00:59:59,1
2025-03-26 00:59:59,1
2025-03-26 01:00:59,1
2025-03-26 01:00:59,1
2025-03-26 01:01:59,1
2025-03-26 01:01:59,1
2025-03-26 01:02:59,1
2025-03-26 01:02:59,1
2025-03-26 01:03:59,1
2025-03-26 01:04:59,1
2025-03-26 01:04:59,1
2025-03-26 01:05:59,1
2025-03-26 01:05:59,1
2025-03-26 01:06:59,1
2025-03-26 01:06:59,1
2025-03-26 01:07:59,1
2025-03-26 01:07:59,1
2025-03-26 01:08:59,1
2025-03-26 01:08:59,1
2025-03-26 01:09:59,1
2025-03-26 01:09:59,1
2025-03-26 01:10:59,1
2025-03-26 01:10:59,1
2025-03-26 01:11:59,1
2025-03-26 01:11:59,1
2025-03-26 01:12:59,1
2025-03-26 01:12:59,1
2025-03-26 01:12:59,1
2025-03-26 01:12:59,1
2025-03-26 01:12:59,1
2025-03-26 02:38:59,1
2025-03-26 02:39:59,1
2025-03-26 02:39:59,1
2025-03-26 02:40:59,1
2025-03-26 02:40:59,1
2025-03-26 02:41:59,1
2025-03-26 02:41:59,1
2025-03-26 02:42:59,1
2025-03-26 02:42:59,1
2025-03-26 02:42:59,1
2025-03-26 02:42:59,1
2025-03-26 02:42:59,1
2025-03-26 02:42:59,1
2025-03-26 02:42:59,1
2025-03-26 02:42:59,1
2025-03-26 02:42:59,1
2025-03-26 02:42:59,1
2025-03-26 02:42:59,1
2025-03-26 02:42:59,1
2025-03-26 02:42:59,1
